"aluno_id","sexo","etapa_atual","idade","escore_CF","pontuacao_cf","resultado_teste_cf","psicogenese","arit_percentil","arit_resposta","arit_interpretacao"
"1","F","1º ANO","7","22","106","média","Silábico","50","8","Médio"
"2","M","1º ANO","7","40","232","muito alta","Silábico","25","4","Alerta para déficit"
"3","F","1º ANO","7","22","155","muito alta","Alfabético","75","10","Acima do esperado"
"4","F","1º ANO","7","20","214","muito alta","Pré-silábico","5","1","Déficit grave"
"5","M","1º ANO","7","19","207","muito alta","Silábico","50","8","Médio"
"6","F","1º ANO","7","7","76","baixa","Pré-silábico","25","5","Alerta para déficit"
"7","M","1º ANO","7","9","80","baixa","Silábico","30","6","Médio-inferior"
"8","F","1º ANO","7",\N,\N,\N,"Silábico-alfabético","60","9","Médio-superior"
"9","F","1º ANO","6","8","78","baixa","Silábico-alfabético","60","9","Médio-superior"
"10","M","1º ANO","6","7","76","baixa","Pré-silábico","30","6","Médio-inferior"
"11","F","1º ANO","7","7","76","baixa","Silábico","50","8","Médio"
"12","F","1º ANO","7","17","96","média","Silábico-alfabético","75","11","Acima do esperado"
"13","F","1º ANO","7","10","82","baixa","Silábico","25","4","Alerta para déficit"
"14","M","1º ANO","6",\N,\N,\N,\N,\N,\N,\N
"15","M","1º ANO","7","10","82","baixa","Silábico","60","9","Médio-superior"
"16","F","1º ANO","7","10","82","baixa","Silábico","50","8","Médio"
"17","M","1º ANO","7","21","104","média","Alfabético","99","17","Muito acima do esperado"
"18","F","1º ANO","7","10","82","baixa","Silábico-alfabético","60","9","Médio-superior"
"19","F","1º ANO","7","8","78","baixa","Silábico","30","6","Médio-inferior"
"20","M","1º ANO","6","22","106","média","Silábico-alfabético","60","9","Médio-superior"
"21","F","1º ANO","7",\N,\N,\N,"Silábico-alfabético","60","9","Médio-superior"
"22","M","1º ANO","6","6","74","baixa","Silábico","30","6","Médio-inferior"
"23","M","1º ANO","7","20","102","média","Silábico","60","9","Médio-superior"
"24","M","1º ANO","6","16","94","média","Silábico","30","6","Médio-inferior"
"25","F","1º ANO","7",\N,\N,\N,"Silábico","50","8","Médio"
"26","F","1º ANO","7","18","98","média","Pré-silábico","50","8","Médio"
"27","M","1º ANO","7","15","92","média","Silábico-alfabético","50","8","Médio"
"28","F","1º ANO","6",\N,\N,\N,"Pré-silábico","10","2","Alerta para déficit"
"29","F","1º ANO","7",\N,\N,\N,"Silábico","40","7","Médio-inferior"
"30","F","1º ANO","7","16","94","média","Silábico-alfabético","50","8","Médio"
"31","M","1º ANO","7",\N,\N,\N,"Pré-silábico",\N,\N,\N
"32","M","1º ANO","7",\N,\N,\N,\N,\N,\N,\N
"33","M","1º ANO","7","12","86","média","Silábico","60","9","Médio-superior"
"34","M","1º ANO","7","14","90","média","Silábico","40","7","Médio-inferior"
"35","F","1º ANO","6","14","90","média","Silábico","25","5","Alerta para déficit"
"36","F","1º ANO","6",\N,\N,\N,"Pré-silábico",\N,\N,\N
"37","F","1º ANO","7","15","92","média","Pré-silábico","75","10","Acima do esperado"
"38","F","1º ANO","7","27","116","alta","Silábico-alfabético","90","13","Acima do esperado"
"39","M","1º ANO","6","18","98","média","Silábico","25","5","Alerta para déficit"
"40","M","1º ANO","7","10","82","baixa","Silábico","30","6","Médio-inferior"
"41","F","1º ANO","7",\N,\N,\N,"Silábico-alfabético",\N,\N,\N
"42","F","1º ANO","7","20","102","média","Silábico","75","10","Acima do esperado"
"43","F","1º ANO","6","30","122","alta","Silábico-alfabético","95","15","Muito acima do esperado"
"44","F","1º ANO","7","20","102","média","Silábico","60","9","Médio-superior"
"45","M","1º ANO","7","18","98","média","Silábico-alfabético","60","9","Médio-superior"
"46","M","1º ANO","7","28","118","alta","Silábico-alfabético","99","16","Muito acima do esperado"
"47","M","1º ANO","7","22","106","média","Silábico-alfabético","80","12","Acima do esperado"
"48","F","1º ANO","6","16","94","média","Silábico","40","7","Médio-inferior"
"49","F","1º ANO","7","22","106","média","Silábico-alfabético","60","9","Médio-superior"
"50","F","1º ANO","7",\N,\N,\N,"Silábico","75","11","Acima do esperado"
"51","F","1º ANO","6","14","90","média","Alfabético","75","11","Acima do esperado"
"52","F","1º ANO","7",\N,\N,\N,"Alfabético","50","8","Médio"
"53","M","1º ANO","7","12","86","média","Pré-silábico","25","4","Alerta para déficit"
"54","M","1º ANO","6","17","96","média","Silábico-alfabético","1","14","Déficit grave"
"55","M","1º ANO","6","22","106","média","Alfabético","80","12","Acima do esperado"
"56","M","1º ANO","7","21","104","média","Pré-silábico","30","6","Médio-inferior"
"57","F","1º ANO","7","14","90","média","Pré-silábico","25","4","Alerta para déficit"
"58","M","1º ANO","7","17","96","média","Pré-silábico","40","7","Médio-inferior"
"59","F","1º ANO","6","18","98","média","Pré-silábico","30","6","Médio-inferior"
"60","M","1º ANO","7","30","122","alta","Alfabético","80","12","Acima do esperado"
"61","F","1º ANO","7",\N,\N,\N,"Pré-silábico","25","4","Alerta para déficit"
"62","M","1º ANO","7","13","88","média","Pré-silábico","5","1","Déficit grave"
"63","M","1º ANO","7","16","94","média","Pré-silábico","50","8","Médio"
"64","M","1º ANO","7","25","112","média","Alfabético","90","13","Acima do esperado"
"65","F","1º ANO","6","16","94","média","Silábico-alfabético","75","10","Acima do esperado"
"66","M","1º ANO","7","19","100","média","Silábico-alfabético","25","5","Alerta para déficit"
"67","F","1º ANO","6","23","108","média","Silábico-alfabético","1","14","Déficit grave"
"68","F","1º ANO","7","8","78","baixa","Pré-silábico","25","4","Alerta para déficit"
"69","F","1º ANO","7","18","98","média","Silábico","90","13","Acima do esperado"
"70","M","1º ANO","6","18","98","média","Silábico","60","9","Médio-superior"
"71","M","1º ANO","7","7","76","baixa","Pré-silábico","30","6","Médio-inferior"
"72","F","1º ANO","7","24","110","média","Silábico","50","8","Médio"
"73","M","1º ANO","7","12","86","média","Pré-silábico","80","12","Acima do esperado"
"74","M","1º ANO","6","18","98","média","Alfabético","60","9","Médio-superior"
"75","F","1º ANO","6","13","88","média","Silábico","50","8","Médio"
"76","M","1º ANO","6","17","96","média","Silábico","75","10","Acima do esperado"
"77","F","1º ANO","7","13","88","média","Pré-silábico","10","0","Alerta para déficit"
"78","F","1º ANO","7","13","88","média","Pré-silábico","40","7","Médio-inferior"
"79","M","1º ANO","7","14","90","média","Alfabético","25","5","Alerta para déficit"
"80","M","1º ANO","7","15","92","média","Pré-silábico","10","0","Alerta para déficit"
"81","M","1º ANO","7","23","108","média","Alfabético","75","11","Acima do esperado"
"82","F","1º ANO","6","12","86","média","Silábico","60","9","Médio-superior"
"83","M","1º ANO","7","17","96","média","Alfabético","75","11","Acima do esperado"
"84","F","1º ANO","6",\N,\N,\N,"Pré-silábico","10","3","Alerta para déficit"
"85","F","1º ANO","6","17","96","média","Pré-silábico","40","7","Médio-inferior"
"86","M","1º ANO","6","26","114","média","Alfabético","60","9","Médio-superior"
"87","F","1º ANO","7","13","88","média","Pré-silábico",\N,\N,\N
"88","M","1º ANO","7",\N,\N,\N,"Silábico","10","3","Alerta para déficit"
"89","M","1º ANO","6","7","76","baixa","Silábico","25","4","Alerta para déficit"
"90","M","1º ANO","6","10","82","baixa","Pré-silábico","10","3","Alerta para déficit"
"91","F","1º ANO","6","7","76","baixa","Silábico","25","4","Alerta para déficit"
"92","F","1º ANO","7","7","76","baixa","Silábico","25","5","Alerta para déficit"
"93","F","1º ANO","7","11","84","baixa","Pré-silábico","10","3","Alerta para déficit"
"94","M","1º ANO","7",\N,\N,\N,\N,\N,\N,\N
"95","M","1º ANO","7","7","76","baixa","Pré-silábico",\N,\N,\N
"96","F","1º ANO","6","7","76","baixa","Pré-silábico",\N,\N,\N
"97","F","1º ANO","7","7","76","baixa","Pré-silábico",\N,\N,\N
"98","M","1º ANO","7","8","78","baixa","Pré-silábico","10","3","Alerta para déficit"
"99","M","1º ANO","7","7","76","baixa","Pré-silábico","10","3","Alerta para déficit"
"100","M","1º ANO","7","4","61","muito baixa","Pré-silábico","10","3","Alerta para déficit"
"101","M","1º ANO","7","10","82","baixa","Pré-silábico","10","3","Alerta para déficit"
"102","M","1º ANO","6",\N,\N,\N,\N,\N,\N,\N
"103","M","1º ANO","7","4","70","baixa","Pré-silábico",\N,\N,\N
"104","F","1º ANO","7","8","69","muito baixa","Silábico","25","5","Alerta para déficit"
"105","F","1º ANO","7","8","78","baixa","Pré-silábico","10","3","Alerta para déficit"
"106","F","1º ANO","6","24","110","média","Silábico","25","5","Alerta para déficit"
"107","M","1º ANO","6","6","74","baixa","Pré-silábico","10","3","Alerta para déficit"
"108","M","1º ANO","7","13","88","média","Pré-silábico",\N,\N,\N
"109","F","1º ANO","6","13","88","média","Silábico-alfabético","10","3","Alerta para déficit"
"110","M","1º ANO","6","6","74","baixa","Pré-silábico",\N,\N,\N
"111","F","1º ANO","7","8","78","baixa","Pré-silábico",\N,\N,\N
"112","M","1º ANO","6","7","76","baixa","Silábico","10","2","Alerta para déficit"
"113","F","1º ANO","7","15","92","média","Pré-silábico","10","2","Alerta para déficit"
"114","M","1º ANO","7","7","76","baixa","Silábico",\N,\N,\N
"115","M","1º ANO","7","4","70","baixa","Silábico",\N,\N,\N
"116","M","1º ANO","6","9","80","baixa","Silábico-alfabético","10","3","Alerta para déficit"
"117","M","1º ANO","7","11","84","baixa","Silábico","25","4","Alerta para déficit"
"118","M","1º ANO","7","18","90","média","Silábico","25","4","Alerta para déficit"
"119","F","1º ANO","6","7","76","baixa","Silábico","10","2","Alerta para déficit"
"120","F","1º ANO","7","7","76","baixa","Silábico","10","2","Alerta para déficit"
"121","M","1º ANO","7","12","86","média","Silábico","10","3","Alerta para déficit"
"122","F","1º ANO","7","9","71","baixa","Silábico","10","2","Alerta para déficit"
"123","F","1º ANO","7",\N,\N,\N,"Silábico","5","1","Déficit grave"
"124","M","1º ANO","6","3","68","muito baixa","Pré-silábico",\N,\N,\N
"125","M","1º ANO","7","13","88","média","Silábico-alfabético","25","4","Alerta para déficit"
"126","M","1º ANO","6","26","114","média","Silábico-alfabético","25","4","Alerta para déficit"
"127","F","1º ANO","6","5","72","baixa","Silábico","10","2","Alerta para déficit"
"128","M","1º ANO","7","6","74","baixa","Pré-silábico","10","2","Alerta para déficit"
"129","M","1º ANO","7","16","94","média","Silábico","75","11","Acima do esperado"
"130","M","1º ANO","6",\N,\N,\N,\N,\N,\N,\N
"131","M","1º ANO","6","21","104","média","Pré-silábico","75","11","Acima do esperado"
"132","M","1º ANO","7",\N,\N,\N,\N,"50","8","Médio"
"133","F","1º ANO","6",\N,\N,\N,"Pré-silábico","25","4","Alerta para déficit"
"134","F","1º ANO","6","2","66","muito baixa","Pré-silábico","75","10","Acima do esperado"
"135","F","1º ANO","7",\N,\N,\N,"Pré-silábico","60","9","Médio-superior"
"136","F","1º ANO","6","11","84","baixa","Silábico","75","11","Acima do esperado"
"137","F","1º ANO","7","8","78","baixa","Pré-silábico","60","9","Médio-superior"
"138","F","1º ANO","7","6","74","baixa","Pré-silábico","10","2","Alerta para déficit"
"139","F","1º ANO","7","12","86","média","Pré-silábico","30","6","Médio-inferior"
"140","M","1º ANO","7","8","78","baixa","Pré-silábico","60","9","Médio-superior"
"141","M","1º ANO","6","20","102","média","Silábico","75","11","Acima do esperado"
"142","F","1º ANO","7","16","94","média","Silábico","30","6","Médio-inferior"
"143","M","1º ANO","7","4","70","baixa","Pré-silábico","50","8","Médio"
"144","F","1º ANO","7","5","72","baixa","Pré-silábico","40","7","Médio-inferior"
"145","M","1º ANO","7",\N,\N,\N,"Pré-silábico","60","9","Médio-superior"
"146","F","1º ANO","6","10","82","baixa","Pré-silábico","40","7","Médio-inferior"
"147","M","1º ANO","6","12","86","média","Silábico",\N,\N,\N
"148","M","1º ANO","6","4","70","baixa","Pré-silábico","10","0","Alerta para déficit"
"149","F","1º ANO","7","12","86","média","Pré-silábico","10","3","Alerta para déficit"
"150","F","1º ANO","6","6","74","baixa","Silábico","5","1","Déficit grave"
"151","M","1º ANO","7","11","75","baixa","Silábico","50","8","Médio"
"152","F","1º ANO","6","7","76","baixa","Pré-silábico","10","2","Alerta para déficit"
"153","F","1º ANO","6","5","72","baixa","Pré-silábico","5","1","Déficit grave"
"154","M","1º ANO","6","10","82","baixa","Silábico","50","8","Médio"
"155","F","1º ANO","7","20","102","média","Silábico","60","9","Médio-superior"
"156","F","1º ANO","7","4","70","baixa","Silábico",\N,\N,\N
"157","M","1º ANO","7","11","84","baixa","Pré-silábico","95","15","Muito acima do esperado"
"158","M","1º ANO","6","9","80","baixa","Pré-silábico","95","15","Muito acima do esperado"
"159","F","1º ANO","6","12","86","média","Pré-silábico","95","15","Muito acima do esperado"
"160","M","1º ANO","7","4","70","baixa",\N,\N,\N,\N
"161","M","1º ANO","7","10","82","baixa",\N,\N,\N,\N
"162","M","1º ANO","6","9","80","baixa","Silábico","99","16","Muito acima do esperado"
"163","M","1º ANO","7","12","86","média","Silábico","95","15","Muito acima do esperado"
"164","F","1º ANO","7","10","82","baixa","Pré-silábico","90","13","Médio-inferior"
"165","M","1º ANO","6","10","82","baixa","Silábico","95","15","Muito acima do esperado"
"166","F","1º ANO","7","1","64","muito baixa","Pré-silábico","80","12","Alerta para déficit"
"167","M","1º ANO","6",\N,\N,\N,"Silábico","95","15","Muito acima do esperado"
"168","M","1º ANO","7","6","74","baixa","Pré-silábico","75","11","Médio"
"169","M","1º ANO","7",\N,\N,\N,"Silábico","95","15","Muito acima do esperado"
"170","F","1º ANO","6","12","86","média","Silábico","90","13","Acima do esperado"
"171","F","1º ANO","7","10","82","baixa",\N,\N,\N,\N
"172","M","1º ANO","7","6","65","muito baixa","Pré-silábico","95","15","Muito acima do esperado"
"173","M","1º ANO","7","7","76","baixa","Pré-silábico","95","15","Muito acima do esperado"
"174","M","1º ANO","6",\N,\N,\N,"Pré-silábico","99","16","Muito acima do esperado"
"175","F","1º ANO","6","13","88","média",\N,"95","15","Muito acima do esperado"
"176","M","1º ANO","7",\N,\N,\N,\N,"99","16","Muito acima do esperado"
"178","M","1º ANO","7","13","88","média","Silábico","95","15","Muito acima do esperado"
"179","F","1º ANO","7","7","76","baixa","Pré-silábico","75","11","Médio-inferior"
"180","M","1º ANO","7",\N,\N,\N,\N,\N,\N,\N
"181","F","1º ANO","7","13","88","média","Silábico-alfabético","95","15","Muito acima do esperado"
"182","M","1º ANO","7","8","78","baixa","Pré-silábico","75","11","Acima do esperado"
"183","M","1º ANO","7","6","74","baixa","Silábico-alfabético","99","18","Muito acima do esperado"
"184","M","1º ANO","7","4","70","baixa","Silábico","90","13","Acima do esperado"
"185","F","1º ANO","6","9","80","baixa","Silábico","75","11","Médio-superior"
"186","F","1º ANO","6","10","82","baixa","Silábico","90","13","Acima do esperado"
"187","F","1º ANO","7",\N,\N,\N,"Silábico","95","15","Muito acima do esperado"
"188","F","1º ANO","6","4","70","baixa","Pré-silábico","75","11","Alerta para déficit"
"189","F","1º ANO","6","12","86","média","Silábico","90","13","Acima do esperado"
"190","M","1º ANO","7","16","94","média","Silábico-alfabético","95","15","Muito acima do esperado"
"191","M","1º ANO","7","13","88","média","Silábico","99","16","Muito acima do esperado"
"192","F","1º ANO","6",\N,\N,\N,"Pré-silábico","75","11","Médio-inferior"
"193","M","1º ANO","7","5","72","baixa","Pré-silábico","80","14","Déficit grave"
"194","M","1º ANO","7","9","80","baixa","Silábico","95","15","Muito acima do esperado"
"195","M","1º ANO","7",\N,\N,\N,"Pré-silábico","75","11","Alerta para déficit"
"196","F","1º ANO","7","5","72","baixa","Pré-silábico","50","8","Médio"
"197","F","1º ANO","6","3","68","muito baixa","Pré-silábico","30","6","Médio-inferior"
"198","F","1º ANO","7","8","78","baixa","Pré-silábico","30","6","Médio-inferior"
"199","M","1º ANO","6","9","80","baixa","Pré-silábico","50","8","Médio"
"200","F","1º ANO","6","4","70","baixa","Pré-silábico","60","9","Médio-superior"
"201","M","1º ANO","7","4","70","baixa","Pré-silábico","50","8","Médio"
"202","M","1º ANO","7","8","78","baixa","Pré-silábico","50","8","Médio"
"203","M","1º ANO","7","5","72","baixa",\N,"30","6","Médio-inferior"
"204","F","1º ANO","7","5","72","baixa",\N,"50","8","Médio"
"205","F","1º ANO","7","11","84","baixa","Silábico","50","8","Médio"
"206","F","1º ANO","7","9","80","baixa","Pré-silábico","75","10","Acima do esperado"
"207","M","1º ANO","7","11","84","baixa","Pré-silábico","25","5","Alerta para déficit"
"208","F","1º ANO","7",\N,\N,\N,"Pré-silábico",\N,\N,\N
"209","M","1º ANO","6","4","70","baixa",\N,"25","5","Alerta para déficit"
"210","M","1º ANO","6","4","70","baixa",\N,"5","1","Déficit grave"
"211","F","1º ANO","6","5","72","baixa","Pré-silábico","50","8","Médio"
"212","F","1º ANO","7",\N,\N,\N,"Pré-silábico","30","6","Médio-inferior"
"213","F","1º ANO","6","3","68","muito baixa","Pré-silábico","25","5","Alerta para déficit"
"214","F","1º ANO","7","5","72","baixa","Pré-silábico","50","8","Médio"
"215","M","1º ANO","7","4","70","baixa",\N,"75","10","Acima do esperado"
"216","F","1º ANO","7","4","70","baixa","Pré-silábico","25","4","Alerta para déficit"
"217","M","1º ANO","7","31","124","alta","Silábico","30","6","Médio-inferior"
"218","F","1º ANO","7","7","76","baixa","Pré-silábico","25","4","Alerta para déficit"
"219","F","1º ANO","7","13","88","média","Pré-silábico","25","5","Alerta para déficit"
"220","F","1º ANO","7","12","86","média","Pré-silábico","25","5","Alerta para déficit"
"221","M","1º ANO","7",\N,\N,\N,"Pré-silábico","30","6","Médio-inferior"
"222","M","1º ANO","8",\N,\N,\N,\N,"30","6","Médio-inferior"
"223","M","1º ANO","7",\N,\N,\N,"Pré-silábico","25","5","Alerta para déficit"
"224","M","1º ANO","6","8","78","baixa","Pré-silábico","40","7","Médio-inferior"
"225","F","1º ANO","7",\N,\N,\N,\N,\N,\N,\N
"226","F","1º ANO","6","6","74","baixa","Silábico","60","9","Médio-superior"
"227","M","1º ANO","6","4","70","baixa","Pré-silábico","5","1","Déficit grave"
"228","M","1º ANO","7","19","92","média","Silábico-alfabético","75","11","Acima do esperado"
"229","M","1º ANO","7","12","86","média","Silábico-alfabético","95","15","Muito acima do esperado"
"230","M","1º ANO","7","6","74","baixa","Pré-silábico","10","3","Alerta para déficit"
"231","M","1º ANO","6","13","88","média","Alfabético","75","11","Acima do esperado"
"232","F","1º ANO","7","10","82","baixa","Pré-silábico","60","9","Médio-superior"
"233","M","1º ANO","6","2","66","muito baixa","Silábico","50","8","Médio"
"234","F","1º ANO","6",\N,\N,\N,"Pré-silábico","30","6","Médio-inferior"
"235","F","1º ANO","7","2","56","muito baixa","Pré-silábico","40","7","Médio-inferior"
"236","F","1º ANO","7","7","76","baixa","Pré-silábico","30","6","Médio-inferior"
"237","M","1º ANO","6",\N,\N,\N,"Silábico","50","8","Médio"
"238","F","1º ANO","6","11","84","baixa","Pré-silábico","5","1","Déficit grave"
"239","F","1º ANO","6","5","72","baixa","Alfabético","75","11","Acima do esperado"
"240","M","1º ANO","6","6","74","baixa","Silábico","30","6","Médio-inferior"
"241","M","1º ANO","6","24","110","média","Alfabético","60","9","Médio-superior"
"242","F","1º ANO","6","3","68","muito baixa","Pré-silábico","5","1","Déficit grave"
"243","F","1º ANO","6","11","84","baixa","Silábico","75","10","Acima do esperado"
"244","M","1º ANO","6","34","130","muito alta","Alfabético","75","11","Acima do esperado"
"245","M","1º ANO","7",\N,\N,\N,"Pré-silábico","10","3","Alerta para déficit"
"246","M","1º ANO","7","21","104","média","Alfabético","75","11","Acima do esperado"
"247","M","1º ANO","6","30","122","alta","Alfabético","75","11","Acima do esperado"
"248","F","1º ANO","6","29","120","alta","Silábico-alfabético","75","11","Acima do esperado"
"249","M","1º ANO","7",\N,\N,\N,"Silábico","60","9","Médio-superior"
"250","F","1º ANO","7","27","116","alta","Alfabético","75","10","Acima do esperado"
"251","M","1º ANO","6","24","110","média","Alfabético","75","11","Acima do esperado"
"252","M","1º ANO","7",\N,\N,\N,\N,"75","11","Acima do esperado"
"253","M","1º ANO","7","21","104","média","Pré-silábico",\N,\N,\N
"254","M","1º ANO","7","30","122","alta","Alfabético","75","11","Acima do esperado"
"255","M","1º ANO","7","23","108","média","Silábico-alfabético","25","5","Alerta para déficit"
"256","F","1º ANO","6",\N,\N,\N,"Silábico","75","10","Acima do esperado"
"257","M","1º ANO","7","26","114","média","Silábico","75","10","Acima do esperado"
"258","M","1º ANO","7","29","120","alta","Silábico-alfabético","75","10","Acima do esperado"
"259","M","1º ANO","6","29","120","alta","Pré-silábico","75","10","Acima do esperado"
"260","F","1º ANO","6","29","120","alta","Silábico","40","7","Médio-inferior"
"261","F","1º ANO","7","32","126","alta","Silábico","60","9","Médio-superior"
"262","M","1º ANO","7",\N,\N,\N,"Alfabético","75","11","Acima do esperado"
"263","M","1º ANO","7",\N,\N,\N,"Alfabético","99","1411","Muito acima do esperado"
"264","F","1º ANO","7",\N,\N,\N,"Pré-silábico","1","0","Déficit grave"
"265","M","1º ANO","6",\N,\N,\N,"Pré-silábico","1","0","Déficit grave"
"266","M","1º ANO","6","15","92","média","Pré-silábico","50","8","Médio"
"267","M","1º ANO","7","24","110","média","Silábico","40","7","Médio-inferior"
"268","M","1º ANO","7",\N,\N,\N,"Pré-silábico","50","8","Médio"
"269","M","1º ANO","7",\N,\N,\N,"Pré-silábico","40","7","Médio-inferior"
"270","M","1º ANO","7","10","82","baixa","Pré-silábico","25","4","Alerta para déficit"
"271","M","1º ANO","7","14","90","média","Silábico","75","10","Acima do esperado"
"272","F","1º ANO","7","12","86","média","Pré-silábico","30","6","Médio-inferior"
"273","F","1º ANO","7","19","100","média","Silábico","75","10","Acima do esperado"
"274","M","1º ANO","6",\N,\N,\N,"Silábico","50","8","Médio"
"275","F","1º ANO","7","18","90","média","Silábico","50","8","Médio"
"276","M","1º ANO","7","10","73","baixa","Pré-silábico","40","7","Médio-inferior"
"277","F","1º ANO","7","24","103","média","Pré-silábico","25","5","Alerta para déficit"
"278","M","1º ANO","7","31","124","alta","Silábico-alfabético","60","9","Médio-superior"
"279","M","1º ANO","6","27","116","alta","Silábico-alfabético","75","10","Acima do esperado"
"280","M","1º ANO","7","18","90","média","Pré-silábico","50","8","Médio"
"281","F","1º ANO","6","23","108","média","Pré-silábico","30","6","Médio-inferior"
"282","F","1º ANO","7","19","100","média","Silábico","25","5","Alerta para déficit"
"283","F","1º ANO","7",\N,\N,\N,\N,\N,\N,\N
"284","F","1º ANO","7","23","108","média","Silábico","75","10","Acima do esperado"
"285","M","1º ANO","6","16","94","média","Pré-silábico",\N,\N,\N
"286","M","1º ANO","7","18","98","média","Pré-silábico","5","1","Déficit grave"
"287","F","1º ANO","7","13","88","média","Pré-silábico","25","4","Alerta para déficit"
"288","M","1º ANO","7","14","82","baixa","Pré-silábico","30","6","Médio-inferior"
"289","M","1º ANO","6",\N,\N,\N,"Pré-silábico",\N,\N,\N
"290","M","1º ANO","7","3","68","muito baixa","Pré-silábico","25","4","Alerta para déficit"
"291","F","1º ANO","7","11","75","baixa","Silábico","50","8","Médio"
"292","F","1º ANO","7",\N,\N,\N,\N,"50","8","Médio"
"293","F","1º ANO","6","13","88","média","Pré-silábico","5","1","Déficit grave"
"294","M","1º ANO","7",\N,\N,\N,"Pré-silábico","25","5","Alerta para déficit"
"295","M","1º ANO","7","17","96","média","Pré-silábico","30","6","Médio-inferior"
"296","M","1º ANO","6",\N,\N,\N,"Pré-silábico",\N,\N,\N
"297","M","1º ANO","6","6","74","baixa","Pré-silábico","5","1","Déficit grave"
"298","M","1º ANO","7","10","82","baixa","Pré-silábico","10","2","Alerta para déficit"
"299","M","1º ANO","7","18","98","média","Silábico","40","7","Médio-inferior"
"300","M","1º ANO","7","6","74","baixa",\N,\N,\N,\N
"301","M","1º ANO","7","9","80","baixa","Pré-silábico","25","5","Alerta para déficit"
"302","M","1º ANO","6",\N,\N,\N,"Pré-silábico","50","8","Médio"
"303","M","1º ANO","7","4","70","baixa","Pré-silábico","40","7","Médio-inferior"
"304","F","1º ANO","7",\N,\N,\N,"Pré-silábico","10","3","Alerta para déficit"
"305","F","1º ANO","7","6","65","muito baixa","Silábico","75","11","Acima do esperado"
"306","F","1º ANO","7",\N,\N,\N,"Pré-silábico","40","7","Médio-inferior"
"307","F","1º ANO","7",\N,\N,\N,"Pré-silábico","80","12","Acima do esperado"
"308","F","1º ANO","7","12","78","baixa","Silábico","60","9","Médio-superior"
"309","F","1º ANO","7","16","94","média","Silábico-alfabético","50","8","Médio"
"310","M","1º ANO","7","13","88","média","Silábico","40","7","Médio-inferior"
"311","F","1º ANO","6","13","88","média","Silábico","30","6","Médio-inferior"
"312","F","1º ANO","7","18","98","média","Silábico","75","10","Acima do esperado"
"313","F","1º ANO","7",\N,\N,\N,"Pré-silábico",\N,\N,\N
"314","F","1º ANO","7","12","86","média","Silábico","30","6","Médio-inferior"
"315","F","1º ANO","7","18","98","média","Silábico","40","7","Médio-inferior"
"316","M","1º ANO","7","11","84","baixa","Silábico","10","3","Alerta para déficit"
"317","M","1º ANO","7","12","78","baixa","Silábico","25","5","Alerta para déficit"
"318","F","1º ANO","7","11","84","baixa","Silábico","25","5","Alerta para déficit"
"319","F","1º ANO","7","17","88","média","Silábico","40","7","Médio-inferior"
"320","F","1º ANO","7","9","80","baixa","Silábico","10","3","Alerta para déficit"
"321","F","1º ANO","7","19","100","média","Silábico","60","9","Médio-superior"
"322","M","1º ANO","7","13","88","média","Silábico","60","9","Médio-superior"
"323","F","1º ANO","6","17","96","média","Silábico","25","5","Alerta para déficit"
"324","F","1º ANO","6","10","82","baixa","Pré-silábico","40","7","Médio-inferior"
"325","F","1º ANO","7","8","78","baixa","Pré-silábico","25","5","Alerta para déficit"
"326","M","1º ANO","6","9","80","baixa","Pré-silábico","10","3","Alerta para déficit"
"327","F","1º ANO","7","18","98","média","Silábico","40","7","Médio-inferior"
"328","F","1º ANO","6","12","86","média","Silábico","25","4","Alerta para déficit"
"329","M","1º ANO","7","22","106","média","Silábico","99","17","Muito acima do esperado"
"330","F","1º ANO","7","13","88","média","Silábico","60","9","Médio-superior"
"331","M","1º ANO","6",\N,\N,\N,"Pré-silábico",\N,\N,\N
"332","F","1º ANO","7","9","80","baixa","Silábico","50","8","Médio"
"333","F","1º ANO","7","7","76","baixa","Pré-silábico","25","4","Alerta para déficit"
"334","M","1º ANO","6","12","86","média","Silábico","25","4","Alerta para déficit"
"335","F","1º ANO","7","9","71","baixa","Silábico","25","5","Alerta para déficit"
"336","F","1º ANO","6","12","86","média",\N,"75","10","Acima do esperado"
"337","F","1º ANO","7","12","86","média","Pré-silábico","40","7","Médio-inferior"
"338","F","1º ANO","7","9","80","baixa","Silábico","30","6","Médio-inferior"
"339","F","1º ANO","7","6","74","baixa","Pré-silábico","10","2","Alerta para déficit"
"340","F","1º ANO","7","15","84","baixa","Pré-silábico","40","7","Médio-inferior"
"341","M","1º ANO","7","13","88","média","Silábico",\N,\N,\N
"342","F","1º ANO","7","14","90","média","Pré-silábico","10","3","Alerta para déficit"
"343","F","1º ANO","6","4","70","baixa","Pré-silábico","30","6","Médio-inferior"
"344","M","1º ANO","6","10","82","baixa","Pré-silábico","25","5","Alerta para déficit"
"345","M","1º ANO","7","6","74","baixa","Pré-silábico","25","5","Alerta para déficit"
"346","masculino","1º ANO","7","7","76","baixa","Pré-silábico","25","5","Alerta para déficit"
"347","M","1º ANO","6","8","78","baixa","Pré-silábico","40","7","Médio-inferior"
"348","F","1º ANO","6","12","86","média","Pré-silábico","25","5","Alerta para déficit"
"349","M","1º ANO","6","4","70","baixa","Pré-silábico","10","3","Alerta para déficit"
"350","F","1º ANO","7","12","86","média","Silábico","25","4","Alerta para déficit"
"351","F","1º ANO","7","9","80","baixa","Pré-silábico","25","4","Alerta para déficit"
"352","M","1º ANO","7","11","84","baixa","Silábico","30","6","Médio-inferior"
"353","F","1º ANO","7","13","88","média","Pré-silábico","10","3","Alerta para déficit"
"354","F","1º ANO","6","15","92","média","Pré-silábico","30","6","Médio-inferior"
"355","F","1º ANO","6","13","88","média","Pré-silábico","50","8","Médio"
"356","F","1º ANO","7","13","88","média","Silábico","25","5","Alerta para déficit"
"357","F","1º ANO","7","11","84","baixa","Pré-silábico","25","4","Alerta para déficit"
"358","F","1º ANO","7","13","88","média","Pré-silábico","10","2","Alerta para déficit"
"359","M","1º ANO","7","13","88","média","Pré-silábico","50","8","Médio"
"360","M","1º ANO","7",\N,\N,\N,"Pré-silábico","25","4","Alerta para déficit"
"361","F","1º ANO","7","4","70","baixa","Pré-silábico","5","1","Déficit grave"
"362","M","1º ANO","7","7","76","baixa","Pré-silábico","75","11","Acima do esperado"
"363","M","1º ANO","7","7","76","baixa","Pré-silábico","25","5","Alerta para déficit"
"364","M","1º ANO","7","5","72","baixa","Pré-silábico","10","0","Alerta para déficit"
"365","F","1º ANO","7","7","76","baixa","Pré-silábico","25","4","Alerta para déficit"
"366","F","1º ANO","7","10","82","baixa","Pré-silábico","40","7","Médio-inferior"
"367","M","1º ANO","7","15","92","média","Pré-silábico","60","9","Médio-superior"
"368","F","1º ANO","7","15","92","média","Pré-silábico","40","7","Médio-inferior"
"369","F","1º ANO","7","8","78","baixa","Pré-silábico","30","6","Médio-inferior"
"370","F","1º ANO","7","5","72","baixa","Pré-silábico","40","7","Médio-inferior"
"371","M","1º ANO","7","12","86","média","Silábico","60","9","Médio-superior"
"372","M","1º ANO","7","8","78","baixa","Pré-silábico","60","9","Médio-superior"
"373","F","1º ANO","6","9","80","baixa","Pré-silábico","25","4","Alerta para déficit"
"374","M","1º ANO","7","9","71","baixa","Pré-silábico","30","6","Médio-inferior"
"375","F","1º ANO","7","10","82","baixa","Pré-silábico","25","5","Alerta para déficit"
"376","F","1º ANO","7","9","80","baixa","Pré-silábico","60","9","Médio-superior"
"377","F","1º ANO","6","7","76","baixa","Pré-silábico","30","6","Médio-inferior"
"378","M","1º ANO","7","18","98","média","Silábico","75","11","Acima do esperado"
"379","F","1º ANO","7","15","92","média","Pré-silábico","60","9","Médio-superior"
"380","M","1º ANO","7","7","76","baixa","Pré-silábico","10","2","Alerta para déficit"
"381","M","1º ANO","7","17","96","média","Silábico","75","11","Acima do esperado"
"382","F","1º ANO","7",\N,\N,\N,"Pré-silábico","10","0","Alerta para déficit"
"383","M","1º ANO","7","9","80","baixa","Pré-silábico","10","0","Alerta para déficit"
"384","F","1º ANO","6","8","78","baixa","Pré-silábico","25","4","Alerta para déficit"
"385","F","1º ANO","6","6","74","baixa","Silábico","75","10","Acima do esperado"
"386","M","1º ANO","7","4","61","muito baixa","Silábico","40","7","Médio-inferior"
"387","F","1º ANO","6","9","80","baixa","Pré-silábico","60","9","Médio-superior"
"388","M","1º ANO","6",\N,\N,\N,"Silábico","40","7","Médio-inferior"
"389","F","1º ANO","7","14","82","baixa","Silábico","75","10","Acima do esperado"
"390","M","1º ANO","7","7","76","baixa","Pré-silábico","25","5","Alerta para déficit"
"391","F","1º ANO","7","6","74","baixa","Pré-silábico","40","7","Médio-inferior"
"392","M","1º ANO","7","13","88","média","Silábico","75","10","Acima do esperado"
"393","F","1º ANO","7","5","72","baixa","Pré-silábico","75","10","Acima do esperado"
"394","M","1º ANO","7","10","82","baixa","Pré-silábico","90","13","Acima do esperado"
"395","F","1º ANO","7",\N,\N,\N,"Pré-silábico","95","15","Muito acima do esperado"
"396","F","1º ANO","7",\N,\N,\N,"Pré-silábico","90","13","Acima do esperado"
"397","F","1º ANO","7",\N,\N,\N,"Pré-silábico","10","3","Alerta para déficit"
"398","M","1º ANO","7","9","80","baixa","Pré-silábico","90","13","Acima do esperado"
"399","M","1º ANO","6","8","78","baixa","Pré-silábico","10","3","Alerta para déficit"
"400","F","1º ANO","7",\N,\N,\N,"Silábico","40","7","Médio-inferior"
"401","M","1º ANO","7","8","78","baixa","Pré-silábico","75","11","Acima do esperado"
"402","M","1º ANO","6",\N,\N,\N,"Pré-silábico","30","6","Médio-inferior"
"403","M","1º ANO","6",\N,\N,\N,"Pré-silábico","40","7","Médio-inferior"
"404","F","1º ANO","7",\N,\N,\N,"Silábico","1","14","Déficit grave"
"405","F","1º ANO","7","12","86","média","Pré-silábico","75","11","Acima do esperado"
"406","F","1º ANO","7","8","78","baixa","Silábico","90","13","Acima do esperado"
"407","M","1º ANO","7","5","72","baixa","Pré-silábico","50","8","Médio"
"408","M","1º ANO","7","8","78","baixa","Pré-silábico","5","1","Déficit grave"
"409","F","1º ANO","7","10","82","baixa","Pré-silábico","40","7","Médio-inferior"
"410","M","1º ANO","6","6","74","baixa","Pré-silábico","80","12","Acima do esperado"
"411","M","1º ANO","7","16","94","média","Pré-silábico","75","11","Acima do esperado"
"412","F","1º ANO","6","15","92","média","Pré-silábico","75","10","Acima do esperado"
"413","M","1º ANO","7","3","68","muito baixa","Pré-silábico","5","1","Déficit grave"
"414","F","1º ANO","7",\N,\N,\N,"Silábico","60","9","Médio-superior"
"415","F","1º ANO","6",\N,\N,\N,\N,\N,\N,\N
"416","F","1º ANO","7","14","90","média","Pré-silábico",\N,\N,\N
"417","M","1º ANO","7",\N,\N,\N,"Pré-silábico","95","15","Muito acima do esperado"
"418","M","1º ANO","8",\N,\N,\N,"Silábico",\N,\N,\N
"419","F","1º ANO","7",\N,\N,\N,\N,\N,\N,\N
"420","M","1º ANO","6","7","76","baixa","Pré-silábico","90","13","Acima do esperado"
"421","F","1º ANO","6","5","72","baixa","Pré-silábico","99","18","Muito acima do esperado"
"422","F","1º ANO","7",\N,\N,\N,"Pré-silábico","95","15","Muito acima do esperado"
"423","F","1º ANO","7","12","86","média","Pré-silábico","1","14","Déficit grave"
"424","F","1º ANO","7","9","80","baixa","Pré-silábico","99","18","Muito acima do esperado"
"425","F","1º ANO","6","4","70","baixa","Pré-silábico","1","14","Déficit grave"
"426","F","1º ANO","6","14","90","média","Pré-silábico","99","19","Muito acima do esperado"
"427","F","1º ANO","7","5","72","baixa","Pré-silábico","99","18","Muito acima do esperado"
"428","M","1º ANO","6","9","80","baixa","Pré-silábico","40","7","Médio-inferior"
"429","F","1º ANO","7","7","76","baixa","Pré-silábico","80","12","Acima do esperado"
"430","F","1º ANO","7",\N,\N,\N,"Pré-silábico","99","17","Muito acima do esperado"
"431","M","1º ANO","7","5","72","baixa","Pré-silábico","99","18","Muito acima do esperado"
"432","M","1º ANO","7","6","74","baixa","Pré-silábico","1","14","Déficit grave"
"433","F","1º ANO","7","9","80","baixa","Pré-silábico","90","13","Acima do esperado"
"434","M","1º ANO","7","8","78","baixa","Pré-silábico","10","0","Alerta para déficit"
"435","M","1º ANO","7","5","72","baixa","Pré-silábico","5","1","Déficit grave"
"436","M","1º ANO","7",\N,\N,\N,"Pré-silábico","25","4","Alerta para déficit"
"437","F","1º ANO","7",\N,\N,\N,\N,\N,\N,\N
"438","M","1º ANO","7",\N,\N,\N,\N,\N,\N,\N
"439","M","1º ANO","7","13","88","média","Pré-silábico","30","6","Médio-inferior"
"440","F","1º ANO","7","4","61","muito baixa","Alfabético","40","7","Médio-inferior"
"441","F","1º ANO","7","7","76","baixa","Pré-silábico","10","3","Alerta para déficit"
"442","M","1º ANO","7","8","78","baixa","Pré-silábico","50","8","Médio"
"443","F","1º ANO","6","6","74","baixa","Pré-silábico","25","5","Alerta para déficit"
"444","M","1º ANO","7",\N,\N,\N,"Silábico","40","7","Médio-inferior"
"445","F","1º ANO","7",\N,\N,\N,"Pré-silábico","25","4","Alerta para déficit"
"446","F","1º ANO","7","10","73","baixa","Pré-silábico","25","5","Alerta para déficit"
"447","M","1º ANO","6","13","88","média","Silábico","10","3","Alerta para déficit"
"448","F","1º ANO","6",\N,\N,\N,\N,\N,\N,\N
"449","F","1º ANO","7","5","72","baixa","Pré-silábico","40","7","Médio-inferior"
"450","F","1º ANO","7","7","76","baixa",\N,\N,\N,\N
"451","F","1º ANO","7",\N,\N,\N,\N,\N,\N,\N
"452","F","1º ANO","6","5","72","baixa","Pré-silábico","99","30","Muito acima do esperado"
"453","M","1º ANO","7","9","80","baixa","Pré-silábico","50","8","Médio"
"454","M","1º ANO","7",\N,\N,\N,"Pré-silábico",\N,\N,\N
"455","F","1º ANO","6","6","74","baixa","Pré-silábico","50","8","Médio"
"456","M","1º ANO","7","16","94","média","Pré-silábico","40","7","Médio-inferior"
"457","F","1º ANO","6",\N,\N,\N,"Pré-silábico",\N,\N,\N
"458","M","1º ANO","7","10","82","baixa","Silábico","90","13","Acima do esperado"
"459","M","1º ANO","7","15","92","média","Alfabético","95","15","Muito acima do esperado"
"460","M","1º ANO","6","4","70","baixa","Pré-silábico",\N,\N,\N
"461","F","1º ANO","7","15","92","média","Silábico","60","9","Médio-superior"
"462","F","1º ANO","7","8","78","baixa","Silábico","40","7","Médio-inferior"
"463","F","1º ANO","6","5","72","baixa","Pré-silábico","50","8","Médio"
"464","F","1º ANO","7","10","82","baixa","Silábico-alfabético","95","15","Muito acima do esperado"
"465","M","1º ANO","7","11","84","baixa","Pré-silábico","1","14","Déficit grave"
"466","M","1º ANO","6","9","80","baixa","Pré-silábico","25","4","Alerta para déficit"
"467","M","1º ANO","7",\N,\N,\N,"Silábico","99","20","Muito acima do esperado"
"468","M","1º ANO","6","8","78","baixa","Pré-silábico","50","8","Médio"
"469","M","1º ANO","7","9","80","baixa","Pré-silábico","60","9","Médio-superior"
"470","F","1º ANO","7","6","74","baixa","Pré-silábico","10","2","Alerta para déficit"
"471","M","1º ANO","6","10","82","baixa","Pré-silábico","99","20","Muito acima do esperado"
"472","F","1º ANO","7","5","72","baixa","Pré-silábico","25","5","Alerta para déficit"
"473","M","1º ANO","7","15","84","baixa","Pré-silábico",\N,\N,\N
"474","M","1º ANO","7","13","88","média","Pré-silábico","40","7","Médio-inferior"
"475","M","1º ANO","7",\N,\N,\N,"Pré-silábico","50","8","Médio"
"476","F","1º ANO","6","17","96","média","Pré-silábico","75","10","Acima do esperado"
"477","F","1º ANO","7","17","96","média","Silábico","75","10","Acima do esperado"
"478","M","1º ANO","6","12","86","média",\N,\N,\N,\N
"479","F","1º ANO","6","10","82","baixa","Pré-silábico","5","1","Déficit grave"
"480","F","1º ANO","7","7","76","baixa","Pré-silábico","25","5","Alerta para déficit"
"481","F","1º ANO","7","10","82","baixa","Silábico","60","9","Médio-superior"
"482","F","1º ANO","7","11","84","baixa","Pré-silábico","10","3","Alerta para déficit"
"483","M","1º ANO","7",\N,\N,\N,\N,\N,\N,\N
"484","M","1º ANO","7",\N,\N,\N,"Pré-silábico","95","15","Muito acima do esperado"
"485","F","1º ANO","7",\N,\N,\N,\N,\N,\N,\N
"486","M","1º ANO","7","9","80","baixa","Silábico","90","13","Acima do esperado"
"487","F","1º ANO","6",\N,\N,\N,"Silábico","90","13","Acima do esperado"
"488","M","1º ANO","6","12","86","média","Silábico","95","15","Muito acima do esperado"
"489","M","1º ANO","7",\N,\N,\N,"Pré-silábico","95","15","Muito acima do esperado"
"490","M","1º ANO","6","23","108","média","Pré-silábico","95","15","Muito acima do esperado"
"491","F","1º ANO","7","17","96","média","Pré-silábico","95","15","Muito acima do esperado"
"492","M","1º ANO","7","14","82","baixa","Silábico","99","18","Muito acima do esperado"
"493","F","1º ANO","6",\N,\N,\N,\N,\N,\N,\N
"494","F","1º ANO","7","9","80","baixa","Silábico","75","10","Acima do esperado"
"495","F","1º ANO","6",\N,\N,\N,\N,\N,\N,\N
"496","M","1º ANO","7","12","86","média","Pré-silábico","1","14","Déficit grave"
"497","M","1º ANO","7","11","75","baixa","Pré-silábico","25","4","Alerta para déficit"
"498","F","1º ANO","7","11","84","baixa","Pré-silábico","25","5","Alerta para déficit"
"499","F","1º ANO","7","10","82","baixa","Pré-silábico","60","9","Médio-superior"
"500","M","1º ANO","7","10","82","baixa","Pré-silábico","90","13","Acima do esperado"
"501","M","1º ANO","7","12","86","média","Silábico","90","13","Acima do esperado"
"502","M","1º ANO","7","6","74","baixa","Pré-silábico","75","10","Acima do esperado"
"503","M","1º ANO","7","12","86","média","Pré-silábico","60","9","Médio-superior"
"504","M","1º ANO","7","10","82","baixa","Silábico","95","15","Muito acima do esperado"
"505","M","1º ANO","6","12","86","média","Silábico","40","7","Médio-inferior"
"506","M","1º ANO","7","9","80","baixa","Pré-silábico",\N,\N,\N
"507","F","1º ANO","6","11","84","baixa","Pré-silábico","80","12","Acima do esperado"
"508","M","1º ANO","6","12","86","média",\N,\N,\N,\N
"509","M","1º ANO","7","13","80","baixa","Pré-silábico","25","5","Alerta para déficit"
"510","F","1º ANO","6","14","90","média","Silábico","75","11","Acima do esperado"
"511","F","1º ANO","7","11","84","baixa","Silábico","75","11","Acima do esperado"
"512","M","1º ANO","7",\N,\N,\N,\N,\N,\N,\N
"513","F","1º ANO","6","15","92","média","Pré-silábico","75","10","Acima do esperado"
"514","F","1º ANO","6","7","76","baixa","Pré-silábico","25","4","Alerta para déficit"
"515","M","1º ANO","7","13","88","média","Silábico-alfabético","75","11","Acima do esperado"
"516","M","1º ANO","7","18","90","média","Silábico","99","16","Muito acima do esperado"
"517","F","1º ANO","7","9","80","baixa","Silábico","25","5","Alerta para déficit"
"518","F","1º ANO","6","4","70","baixa","Pré-silábico",\N,\N,\N
"519","M","1º ANO","6","10","82","baixa","Silábico","25","4","Alerta para déficit"
"520","M","1º ANO","7",\N,\N,\N,\N,\N,\N,\N
"521","M","1º ANO","7","9","80","baixa","Silábico-alfabético","50","8","Médio"
"522","M","1º ANO","7",\N,\N,\N,"Silábico","25","4","Alerta para déficit"
"523","M","1º ANO","6","10","82","baixa","Silábico","10","2","Alerta para déficit"
"524","F","1º ANO","7","4","70","baixa","Silábico-alfabético","75","10","Acima do esperado"
"525","F","1º ANO","6","10","82","baixa","Silábico","40","7","Médio-inferior"
"526","F","1º ANO","6",\N,\N,\N,"Pré-silábico",\N,\N,\N
"527","F","1º ANO","6","12","86","média","Silábico","30","6","Médio-inferior"
"528","F","1º ANO","7","7","76","baixa","Silábico-alfabético","60","9","Médio-superior"
"529","F","1º ANO","6","6","74","baixa","Silábico","50","8","Médio"
"530","M","1º ANO","7","9","80","baixa","Silábico","10","0","Alerta para déficit"
"531","M","1º ANO","7","17","96","média","Silábico-alfabético","80","12","Acima do esperado"
"532","M","1º ANO","7","23","101","média","Alfabético","50","8","Médio"
"533","F","1º ANO","7","8","78","baixa","Silábico-alfabético","50","8","Médio"
"534","M","1º ANO","7",\N,\N,\N,"Silábico-alfabético","50","8","Médio"
"535","F","1º ANO","6","18","98","média","Silábico","75","10","Acima do esperado"
"536","F","1º ANO","7","5","72","baixa","Silábico","90","13","Acima do esperado"
"537","M","1º ANO","6","12","86","média","Alfabético","95","15","Muito acima do esperado"
"538","F","1º ANO","7","10","82","baixa","Silábico-alfabético","1","14","Déficit grave"
"539","F","1º ANO","7","15","84","baixa","Silábico","80","12","Acima do esperado"
"540","M","1º ANO","6","18","98","média","Alfabético","95","15","Muito acima do esperado"
"541","F","1º ANO","6","11","84","baixa","Silábico-alfabético","90","13","Acima do esperado"
"542","F","1º ANO","6","19","100","média","Silábico-alfabético","80","12","Acima do esperado"
"543","M","1º ANO","6","10","82","baixa","Silábico","50","8","Médio"
"544","M","1º ANO","6","9","80","baixa","Silábico","95","15","Muito acima do esperado"
"545","F","1º ANO","6","16","94","média","Silábico-alfabético","75","10","Acima do esperado"
"546","M","1º ANO","7","8","78","baixa","Silábico","30","6","Médio-inferior"
"547","M","1º ANO","7","23","108","média","Alfabético","95","15","Muito acima do esperado"
"548","F","1º ANO","7","17","96","média","Silábico-alfabético","95","15","Muito acima do esperado"
"549","F","1º ANO","7","15","92","média","Silábico","90","13","Acima do esperado"
"550","F","1º ANO","7","13","88","média","Silábico-alfabético","90","13","Acima do esperado"
"551","M","1º ANO","6","11","84","baixa","Silábico","30","6","Médio-inferior"
"552","F","1º ANO","6","13","88","média","Silábico","40","7","Médio-inferior"
"553","F","1º ANO","7","17","96","média","Silábico","25","5","Alerta para déficit"
"554","F","1º ANO","7",\N,\N,\N,"Silábico","25","4","Alerta para déficit"
"555","F","1º ANO","7","8","78","baixa","Silábico","25","4","Alerta para déficit"
"556","M","1º ANO","7","10","82","baixa","Pré-silábico","25","4","Alerta para déficit"
"557","M","1º ANO","7","12","78","baixa","Alfabético","75","11","Acima do esperado"
"558","M","1º ANO","7","8","78","baixa","Silábico","40","7","Médio-inferior"
"559","M","1º ANO","6","8","78","baixa","Pré-silábico","10","2","Alerta para déficit"
"560","F","1º ANO","7","8","78","baixa","Silábico","25","5","Alerta para déficit"
"561","M","1º ANO","6","8","78","baixa","Pré-silábico",\N,\N,\N
"562","M","1º ANO","6",\N,\N,\N,"Pré-silábico",\N,\N,\N
"563","M","1º ANO","6","8","78","baixa","Silábico","10","3","Alerta para déficit"
"564","M","1º ANO","7","8","78","baixa","Silábico","25","5","Alerta para déficit"
"565","F","1º ANO","7","10","82","baixa","Silábico","25","5","Alerta para déficit"
"566","M","1º ANO","6","5","72","baixa","Pré-silábico","25","5","Alerta para déficit"
"567","F","1º ANO","7","17","96","média","Silábico-alfabético","75","11","Acima do esperado"
"568","F","1º ANO","7","16","94","média","Silábico-alfabético","30","6","Médio-inferior"
"569","M","1º ANO","6","11","84","baixa","Pré-silábico","25","5","Alerta para déficit"
"570","M","1º ANO","6","8","78","baixa","Pré-silábico","50","8","Médio"
"571","F","1º ANO","6",\N,\N,\N,"Pré-silábico","60","9","Médio-superior"
"572","F","1º ANO","7",\N,\N,\N,"Silábico-alfabético","75","10","Acima do esperado"
"573","F","1º ANO","7","15","92","média","Silábico","75","10","Acima do esperado"
"574","F","1º ANO","7","4","70","baixa","Pré-silábico","75","10","Acima do esperado"
"575","M","1º ANO","7",\N,\N,\N,\N,\N,\N,\N
"576","M","1º ANO","6","12","86","média","Pré-silábico","75","11","Acima do esperado"
"577","M","1º ANO","6","7","76","baixa","Pré-silábico","25","4","Alerta para déficit"
"578","M","1º ANO","7","9","80","baixa","Silábico","60","9","Médio-superior"
"579","M","1º ANO","7","4","70","baixa","Pré-silábico","40","7","Médio-inferior"
"580","M","1º ANO","7","10","82","baixa","Silábico","75","10","Acima do esperado"
"581","M","1º ANO","7","9","80","baixa","Pré-silábico","75","11","Acima do esperado"
"582","F","1º ANO","7","9","80","baixa","Pré-silábico","50","8","Médio"
"583","F","1º ANO","6","7","76","baixa","Pré-silábico","60","9","Médio-superior"
"584","M","1º ANO","7","11","75","baixa","Pré-silábico","40","7","Médio-inferior"
"585","M","1º ANO","7","20","94","muito baixa","Silábico","75","10","Acima do esperado"
"586","F","1º ANO","7","15","92","média","Silábico","50","8","Médio"
"587","M","1º ANO","7",\N,\N,\N,"Pré-silábico","50","8","Médio"
"588","F","1º ANO","6",\N,\N,\N,"Pré-silábico","50","8","Médio"
"589","F","1º ANO","7",\N,\N,\N,\N,\N,\N,\N
"590","M","1º ANO","7","9","80","baixa","Pré-silábico","75","10","Acima do esperado"
"591","M","1º ANO","7","4","70","baixa","Silábico","50","8","Médio"
"592","F","1º ANO","7",\N,\N,\N,"Pré-silábico","60","9","Médio-superior"
"593","M","1º ANO","7","6","65","muito baixa","Silábico","50","8","Médio"
"594","M","1º ANO","6","4","70","baixa","Silábico","25","5","Alerta para déficit"
"595","M","1º ANO","7","5","72","baixa","Pré-silábico",\N,\N,\N
"596","M","1º ANO","7","13","88","média","Silábico","75","11","Acima do esperado"
"597","F","1º ANO","7",\N,\N,\N,"Pré-silábico","10","3","Alerta para déficit"
"598","M","1º ANO","7","7","76","baixa","Silábico","99","44","Muito acima do esperado"
"599","M","1º ANO","6","7","76","baixa","Silábico","10","3","Alerta para déficit"
"600","M","1º ANO","7","9","80","baixa","Silábico","25","4","Alerta para déficit"
"601","M","1º ANO","7","8","78","baixa","Silábico","40","7","Médio-inferior"
"602","F","1º ANO","7",\N,\N,\N,"Silábico","60","9","Médio-superior"
"603","M","1º ANO","7",\N,\N,\N,"Silábico","50","8","Médio"
"604","M","1º ANO","7","7","76","baixa","Silábico","40","7","Médio-inferior"
"605","F","1º ANO","7","16","86","média","Silábico","25","5","Alerta para déficit"
"606","F","1º ANO","6","4","70","baixa","Silábico","10","2","Alerta para déficit"
"607","F","1º ANO","6","9","80","baixa","Silábico","50","8","Médio"
"608","M","1º ANO","7","13","88","média","Silábico","75","10","Acima do esperado"
"609","F","1º ANO","7","6","74","baixa","Silábico","50","8","Médio"
"610","M","1º ANO","6","5","72","baixa","Silábico","60","9","Médio-superior"
"611","M","1º ANO","7",\N,\N,\N,"Silábico","30","6","Médio-inferior"
"612","F","1º ANO","7","9","80","baixa","Silábico","75","11","Acima do esperado"
"613","F","1º ANO","7",\N,\N,\N,"Silábico","40","7","Médio-inferior"
"614","F","1º ANO","7","8","69","muito baixa","Silábico","60","9","Médio-superior"
"615","F","1º ANO","6","9","80","baixa","Silábico","75","10","Acima do esperado"
"616","M","1º ANO","6","10","82","baixa","Silábico","30","6","Médio-inferior"
"617","M","1º ANO","7",\N,\N,\N,"Silábico-alfabético","75","10","Acima do esperado"
"618","M","1º ANO","7","15","92","média","Silábico-alfabético","75","11","Acima do esperado"
"619","F","1º ANO","6","9","80","baixa","Silábico","60","9","Médio-superior"
"620","M","1º ANO","6","8","78","baixa","Silábico","30","6","Médio-inferior"
"621","F","1º ANO","6",\N,\N,\N,"Silábico","25","4","Alerta para déficit"
"622","F","1º ANO","7","17","96","média","Alfabético","75","10","Acima do esperado"
"623","M","1º ANO","6","4","70","baixa","Silábico","1","0","Déficit grave"
"624","F","1º ANO","6","8","78","baixa","Pré-silábico","10","3","Alerta para déficit"
"625","F","1º ANO","6","12","86","média","Silábico","40","7","Médio-inferior"
"626","F","1º ANO","6","9","80","baixa","Pré-silábico","40","7","Médio-inferior"
"627","F","1º ANO","6","9","80","baixa","Alfabético","60","9","Médio-superior"
"628","M","1º ANO","6","4","70","baixa","Silábico","10","3","Alerta para déficit"
"629","M","1º ANO","7","10","73","baixa","Silábico","75","11","Acima do esperado"
"630","M","1º ANO","7","9","71","baixa","Silábico","50","8","Médio"
"631","M","1º ANO","7","15","84","baixa","Pré-silábico","25","5","Alerta para déficit"
"632","F","1º ANO","6","12","86","média","Pré-silábico","30","6","Médio-inferior"
"633","F","1º ANO","7","9","80","baixa","Pré-silábico","40","7","Médio-inferior"
"634","M","1º ANO","7","10","82","baixa","Pré-silábico","50","8","Médio"
"635","M","1º ANO","7","6","74","baixa","Pré-silábico","25","5","Alerta para déficit"
"636","M","1º ANO","7","8","78","baixa","Pré-silábico","25","5","Alerta para déficit"
"637","M","1º ANO","6","16","94","média","Pré-silábico","60","9","Médio-superior"
"638","F","1º ANO","7","9","80","baixa","Pré-silábico","75","11","Acima do esperado"
"639","F","1º ANO","7","11","84","baixa","Pré-silábico","30","6","Médio-inferior"
"640","M","1º ANO","7","9","80","baixa","Pré-silábico","60","9","Médio-superior"
"641","M","1º ANO","7","8","78","baixa","Pré-silábico","40","7","Médio-inferior"
"642","F","1º ANO","6",\N,\N,\N,"Pré-silábico","25","4","Alerta para déficit"
"643","M","1º ANO","7","13","88","média","Pré-silábico","30","6","Médio-inferior"
"644","M","1º ANO","7","6","74","baixa","Pré-silábico","75","10","Acima do esperado"
"645","F","1º ANO","6","11","84","baixa","Pré-silábico","25","5","Alerta para déficit"
"646","M","1º ANO","6","17","96","média","Pré-silábico","40","7","Médio-inferior"
"647","F","1º ANO","8","27","109","média","Silábico","95","15","Muito acima do esperado"
"648","F","1º ANO","7","25","112","média","Silábico","80","12","Acima do esperado"
"649","M","1º ANO","7","14","90","média","Pré-silábico","60","9","Médio-superior"
"650","F","1º ANO","7","29","113","média","Silábico","75","10","Acima do esperado"
"651","F","1º ANO","6","14","90","média",\N,\N,\N,\N
"652","M","1º ANO","7",\N,\N,\N,"Pré-silábico",\N,\N,\N
"653","M","1º ANO","7","14","90","média","Pré-silábico","75","10","Acima do esperado"
"654","F","1º ANO","6","19","100","média","Pré-silábico","50","8","Médio"
"655","M","1º ANO","6",\N,\N,\N,"Pré-silábico",\N,\N,\N
"656","M","1º ANO","6","14","90","média","Pré-silábico",\N,\N,\N
"657","M","1º ANO","6","13","88","média","Silábico","60","9","Médio-superior"
"658","F","1º ANO","6","15","92","média","Pré-silábico","60","9","Médio-superior"
"659","M","1º ANO","6",\N,\N,\N,"Pré-silábico","60","9","Médio-superior"
"660","F","1º ANO","7","13","88","média","Pré-silábico","50","8","Médio"
"661","M","1º ANO","7",\N,\N,\N,"Pré-silábico",\N,\N,\N
"662","M","1º ANO","7","23","101","média","Silábico","99","16","Muito acima do esperado"
"663","F","1º ANO","7","16","94","média","Pré-silábico","75","10","Acima do esperado"
"664","M","1º ANO","7","23","108","média","Pré-silábico","75","10","Acima do esperado"
"665","F","1º ANO","7","22","106","média","Silábico","80","12","Acima do esperado"
"666","F","1º ANO","7","15","92","média","Silábico-alfabético","50","8","Médio"
"667","M","1º ANO","6","10","82","baixa","Pré-silábico","10","2","Alerta para déficit"
"668","M","1º ANO","7","17","96","média","Pré-silábico","50","8","Médio"
"669","M","1º ANO","7","10","82","baixa","Pré-silábico","60","9","Médio-superior"
"670","F","1º ANO","7","16","86","média","Silábico-alfabético","60","9","Médio-superior"
"671","F","1º ANO","7","10","82","baixa","Pré-silábico","50","8","Médio"
"672","F","1º ANO","7","7","76","baixa","Pré-silábico","25","5","Alerta para déficit"
"673","F","1º ANO","7","20","102","média","Silábico","75","10","Acima do esperado"
"674","F","1º ANO","6","14","90","média","Pré-silábico","40","7","Médio-inferior"
"675","F","1º ANO","7","17","96","média","Silábico","75","11","Acima do esperado"
"676","M","1º ANO","7","8","78","baixa","Silábico","75","10","Acima do esperado"
"677","F","1º ANO","7","18","98","média","Alfabético","80","12","Acima do esperado"
"678","F","1º ANO","6","9","80","baixa","Silábico","60","9","Médio-superior"
"679","masculino","1º ANO","6","5","72","baixa","Pré-silábico","30","6","Médio-inferior"
"680","M","1º ANO","7",\N,\N,\N,"Pré-silábico","60","9","Médio-superior"
"681","M","1º ANO","6",\N,\N,\N,"Pré-silábico","40","7","Médio-inferior"
"682","F","1º ANO","7","8","78","baixa","Silábico","30","6","Médio-inferior"
"683","F","1º ANO","7","11","84","baixa","Silábico","30","6","Médio-inferior"
"684","F","1º ANO","7","11","75","baixa","Silábico","75","10","Acima do esperado"
"685","M","1º ANO","6","13","88","média","Silábico-alfabético","60","9","Médio-superior"
"686","M","1º ANO","6","17","96","média","Silábico-alfabético","75","11","Acima do esperado"
"687","M","1º ANO","7","21","96","média","Alfabético","75","11","Acima do esperado"
"688","M","1º ANO","6","14","90","média","Silábico","75","11","Acima do esperado"
"689","M","1º ANO","7","9","80","baixa","Pré-silábico","25","5","Alerta para déficit"
"690","F","1º ANO","7","14","90","média","Silábico","60","9","Médio-superior"
"691","F","1º ANO","7","8","78","baixa","Pré-silábico","10","3","Alerta para déficit"
"692","F","1º ANO","6","9","80","baixa","Silábico","50","8","Médio"
"693","F","1º ANO","7","16","86","média","Silábico","60","9","Médio-superior"
"694","M","1º ANO","7","7","76","baixa","Silábico","50","8","Médio"
"695","M","1º ANO","6","11","84","baixa","Silábico","60","9","Médio-superior"
"696","M","1º ANO","7","12","86","média","Silábico","50","8","Médio"
"697","F","1º ANO","7","15","92","média","Silábico","40","7","Médio-inferior"
"698","F","1º ANO","6","10","82","baixa","Pré-silábico","10","3","Alerta para déficit"
"699","M","1º ANO","7","14","90","média","Silábico","40","7","Médio-inferior"
"700","M","1º ANO","7",\N,\N,\N,\N,\N,\N,\N
"701","M","1º ANO","7","12","86","média","Silábico",\N,\N,\N
"702","M","1º ANO","7","6","74","baixa","Silábico","60","9","Médio-superior"
"703","M","1º ANO","6","16","94","média","Silábico","75","10","Acima do esperado"
"704","F","1º ANO","7","13","80","baixa","Silábico","40","7","Médio-inferior"
"705","M","1º ANO","7","12","78","baixa","Silábico",\N,\N,\N
"706","M","1º ANO","6","10","82","baixa","Silábico","50","8","Médio"
"707","F","1º ANO","7","13","88","média","Silábico","40","7","Médio-inferior"
"708","F","1º ANO","6",\N,\N,\N,"Pré-silábico","5","1","Déficit grave"
"709","F","1º ANO","6","4","70","baixa","Pré-silábico",\N,\N,\N
"710","M","1º ANO","7","13","88","média",\N,\N,\N,\N
"711","M","1º ANO","6","19","100","média","Alfabético","50","8","Médio"
"712","M","1º ANO","7","3","68","muito baixa","Pré-silábico","50","8","Médio"
"713","M","1º ANO","7","14","90","média","Silábico","50","8","Médio"
"714","M","1º ANO","6","11","84","baixa","Pré-silábico","25","4","Alerta para déficit"
"715","M","1º ANO","7","11","84","baixa","Pré-silábico","10","2","Alerta para déficit"
"716","F","1º ANO","7","26","114","média","Alfabético",\N,\N,\N
"717","F","1º ANO","6","22","106","média","Alfabético","50","8","Médio"
"718","F","1º ANO","7",\N,\N,\N,\N,\N,\N,\N
"719","M","1º ANO","7",\N,\N,\N,"Silábico-alfabético","60","9","Médio-superior"
"720","F","1º ANO","7","20","102","média","Silábico","10","3","Alerta para déficit"
"721","F","1º ANO","7","14","90","média","Pré-silábico","30","6","Médio-inferior"
"722","M","1º ANO","6","18","98","média","Silábico-alfabético","60","9","Médio-superior"
"723","F","1º ANO","7","17","96","média","Silábico-alfabético","50","8","Médio"
"724","F","1º ANO","6","9","80","baixa","Alfabético","30","6","Médio-inferior"
"725","F","1º ANO","7","19","92","média","Alfabético","60","9","Médio-superior"
"726","M","1º ANO","7","21","104","média","Alfabético","75","10","Acima do esperado"
"727","M","1º ANO","6","10","82","baixa","Pré-silábico","25","5","Alerta para déficit"
"728","M","1º ANO","7","8","69","muito baixa","Silábico","75","10","Acima do esperado"
"729","F","1º ANO","7","14","90","média","Silábico","75","11","Acima do esperado"
"730","M","1º ANO","7","9","80","baixa","Pré-silábico","25","5","Alerta para déficit"
"731","M","1º ANO","7","16","94","média","Pré-silábico","30","6","Médio-inferior"
"732","M","1º ANO","6","13","88","média","Pré-silábico","50","8","Médio"
"733","F","1º ANO","7","13","88","média","Silábico","75","10","Acima do esperado"
"734","F","1º ANO","6","20","102","média","Silábico-alfabético","50","8","Médio"
"735","F","1º ANO","6","15","92","média","Silábico","50","8","Médio"
"736","M","1º ANO","6","17","96","média","Silábico-alfabético","75","11","Acima do esperado"
"737","F","1º ANO","7","6","74","baixa","Pré-silábico","30","6","Médio-inferior"
"738","M","1º ANO","7","6","65","muito baixa","Pré-silábico","25","4","Alerta para déficit"
"739","M","1º ANO","7","6","74","baixa","Pré-silábico","50","8","Médio"
"740","M","1º ANO","7","6","74","baixa","Silábico-alfabético","75","10","Acima do esperado"
"741","M","1º ANO","6","28","118","alta",\N,"1","14","Déficit grave"
"742","M","1º ANO","7","24","110","média","Alfabético","80","12","Acima do esperado"
"743","M","1º ANO","6","17","96","média","Silábico","25","4","Alerta para déficit"
"744","F","1º ANO","7","6","74","baixa","Silábico-alfabético","75","10","Acima do esperado"
"745","F","1º ANO","6",\N,\N,\N,"Silábico","75","11","Acima do esperado"
"746","F","1º ANO","7","17","96","média","Pré-silábico","75","10","Acima do esperado"
"747","F","1º ANO","7","21","104","média",\N,"50","8","Médio"
"748","M","1º ANO","7","22","106","média","Silábico","80","12","Acima do esperado"
"749","M","1º ANO","7","5","63","muito baixa","Pré-silábico","25","4","Alerta para déficit"
"750","F","1º ANO","7","12","86","média","Pré-silábico","25","5","Alerta para déficit"
"751","F","1º ANO","6","6","74","baixa","Pré-silábico","25","5","Alerta para déficit"
"752","F","1º ANO","7","15","84","baixa","Pré-silábico","30","6","Médio-inferior"
"753","F","1º ANO","6","23","108","média","Silábico","75","10","Acima do esperado"
"754","M","1º ANO","7","33","128","alta","Silábico-alfabético","90","13","Acima do esperado"
"755","F","1º ANO","6","24","110","média","Pré-silábico","60","9","Médio-superior"
"756","F","1º ANO","6","30","122","alta","Pré-silábico",\N,\N,\N
"757","M","1º ANO","7","32","120","alta","Silábico-alfabético","99","16","Muito acima do esperado"
"758","M","1º ANO","7","28","118","alta","Silábico-alfabético","1","14","Déficit grave"
"759","F","1º ANO","7","30","122","alta","Silábico","40","7","Médio-inferior"
"760","M","1º ANO","7","30","122","alta","Silábico-alfabético","1","14","Déficit grave"
"761","M","1º ANO","7","27","109","média","Pré-silábico","75","10","Acima do esperado"
"762","F","1º ANO","7","27","116","alta","Silábico","90","13","Acima do esperado"
"763","M","1º ANO","7","31","124","alta","Silábico-alfabético","75","10","Acima do esperado"
"764","M","1º ANO","7","25","112","média","Silábico-alfabético","75","10","Acima do esperado"
"765","F","1º ANO","7","33","128","alta","Silábico","40","7","Médio-inferior"
"766","M","1º ANO","7","28","111","média","Silábico-alfabético","80","12","Acima do esperado"
"767","F","1º ANO","7","27","116","alta","Silábico","50","8","Médio"
"768","F","1º ANO","7","28","118","alta","Silábico","90","13","Acima do esperado"
"769","M","1º ANO","7","30","122","alta","Pré-silábico","10","2","Alerta para déficit"
"770","F","1º ANO","6",\N,\N,\N,"Alfabético","99","16","Muito acima do esperado"
"771","F","1º ANO","7","20","102","média","Silábico","75","11","Acima do esperado"
"772","M","1º ANO","7","19","100","média","Pré-silábico","50","8","Médio"
"773","M","1º ANO","7","34","130","muito alta","Pré-silábico","10","2","Alerta para déficit"
"774","M","1º ANO","7","30","122","alta","Silábico","1","14","Déficit grave"
"775","M","1º ANO","6","25","112","média","Pré-silábico",\N,\N,\N
"776","M","1º ANO","7","31","118","alta",\N,\N,\N,\N
"777","M","1º ANO","7","31","124","alta","Pré-silábico","95","15","Muito acima do esperado"
"778","M","1º ANO","7","30","122","alta","Pré-silábico","50","8","Médio"
"779","F","1º ANO","6","37","136","muito alta","Pré-silábico","90","13","Acima do esperado"
"780","M","1º ANO","7",\N,\N,\N,"Pré-silábico",\N,\N,\N
"781","F","1º ANO","7",\N,\N,\N,"Pré-silábico",\N,\N,\N
"782","M","1º ANO","6",\N,\N,\N,\N,\N,\N,\N
"783","M","1º ANO","7","39","134","muito alta","Silábico","95","15","Muito acima do esperado"
"784","M","1º ANO","7","28","118","alta","Silábico","60","9","Médio-superior"
"785","F","1º ANO","7","29","120","alta","Pré-silábico","75","10","Acima do esperado"
"786","F","1º ANO","6","25","112","média","Silábico","75","10","Acima do esperado"
"787","F","1º ANO","6","26","114","média","Silábico","75","10","Acima do esperado"
"788","F","1º ANO","7","15","92","média","Silábico","50","8","Médio"
"789","F","1º ANO","7","7","76","baixa","Silábico","40","7","Médio-inferior"
"790","F","1º ANO","6","4","70","baixa","Silábico","60","9","Médio-superior"
"791","F","1º ANO","7",\N,\N,\N,"Pré-silábico","5","1","Déficit grave"
"792","M","1º ANO","6","7","76","baixa","Silábico","60","9","Médio-superior"
"793","M","1º ANO","7","6","74","baixa","Silábico","75","10","Acima do esperado"
"794","M","1º ANO","6","8","78","baixa","Pré-silábico","60","9","Médio-superior"
"795","F","1º ANO","6","5","72","baixa","Pré-silábico",\N,\N,\N
"796","F","1º ANO","7","5","72","baixa","Pré-silábico","50","8","Médio"
"797","M","1º ANO","7","1","64","muito baixa","Pré-silábico","75","10","Acima do esperado"
"798","M","1º ANO","6","4","70","baixa","Silábico","60","9","Médio-superior"
"799","M","1º ANO","7",\N,\N,\N,"Pré-silábico","30","6","Médio-inferior"
"800","F","1º ANO","6","8","78","baixa","Pré-silábico","30","6","Médio-inferior"
"801","M","1º ANO","7","3","68","muito baixa","Pré-silábico","25","5","Alerta para déficit"
"802","M","1º ANO","7","10","82","baixa","Pré-silábico","25","5","Alerta para déficit"
"803","F","1º ANO","7",\N,\N,\N,\N,\N,\N,\N
"804","M","1º ANO","7","10","82","baixa","Pré-silábico","50","8","Médio"
"805","F","1º ANO","7","5","63","muito baixa","Pré-silábico","40","7","Médio-inferior"
"806","F","1º ANO","6","5","72","baixa","Pré-silábico","5","1","Déficit grave"
"807","F","1º ANO","6","6","74","baixa","Pré-silábico","75","10","Acima do esperado"
"808","M","1º ANO","6","4","70","baixa","Pré-silábico","60","9","Médio-superior"
"809","F","1º ANO","6","4","70","baixa","Pré-silábico","75","10","Acima do esperado"
"810","M","1º ANO","7","7","76","baixa","Pré-silábico","60","9","Médio-superior"
"811","F","1º ANO","7","8","78","baixa","Pré-silábico","50","8","Médio"
"812","F","1º ANO","6","4","70","baixa","Pré-silábico","40","7","Médio-inferior"
"813","F","1º ANO","7","7","76","baixa","Pré-silábico","75","10","Acima do esperado"
"814","M","1º ANO","6","8","78","baixa","Pré-silábico","50","8","Médio"
"815","M","1º ANO","6","4","70","baixa","Pré-silábico","40","7","Médio-inferior"
"816","M","1º ANO","6","5","72","baixa","Pré-silábico","40","7","Médio-inferior"
"817","F","1º ANO","7",\N,\N,\N,"Pré-silábico","60","9","Médio-superior"
"818","F","1º ANO","6",\N,\N,\N,"Pré-silábico","60","9","Médio-superior"
"819","M","1º ANO","7","7","67","muito baixa","Silábico","60","9","Médio-superior"
"820","F","1º ANO","6","5","72","baixa","Pré-silábico","50","8","Médio"
"821","M","1º ANO","6","4","70","baixa","Pré-silábico","40","7","Médio-inferior"
"822","F","1º ANO","6","1","64","muito baixa","Pré-silábico","75","10","Acima do esperado"
"823","M","1º ANO","7","4","70","baixa","Pré-silábico","30","6","Médio-inferior"
"824","F","1º ANO","7","2","66","muito baixa","Pré-silábico","50","8","Médio"
"825","M","1º ANO","6","15","92","média","Pré-silábico","95","15","Muito acima do esperado"
"826","F","1º ANO","7",\N,\N,\N,"Pré-silábico",\N,\N,\N
"827","F","1º ANO","7","13","88","média","Alfabético","90","13","Acima do esperado"
"828","M","1º ANO","7","12","86","média","Pré-silábico","90","13","Acima do esperado"
"829","F","1º ANO","7","11","84","baixa","Silábico-alfabético","75","11","Acima do esperado"
"830","F","1º ANO","7","13","88","média","Pré-silábico","75","11","Acima do esperado"
"831","M","1º ANO","6","9","80","baixa","Silábico-alfabético","90","13","Acima do esperado"
"832","F","1º ANO","6","11","84","baixa","Silábico","60","9","Médio-superior"
"833","F","1º ANO","6","10","82","baixa","Silábico","90","13","Acima do esperado"
"834","M","1º ANO","7","5","72","baixa","Pré-silábico","50","8","Médio"
"835","F","1º ANO","7","10","82","baixa","Silábico","90","13","Acima do esperado"
"836","M","1º ANO","6","10","82","baixa","Silábico","95","15","Muito acima do esperado"
"837","M","1º ANO","6","9","80","baixa","Silábico","75","11","Acima do esperado"
"838","F","1º ANO","6",\N,\N,\N,"Pré-silábico","10","3","Alerta para déficit"
"839","F","1º ANO","7","11","84","baixa","Silábico","50","8","Médio"
"840","F","1º ANO","6","7","76","baixa","Silábico","75","10","Acima do esperado"
"841","F","1º ANO","7","10","73","baixa","Silábico","90","13","Acima do esperado"
"842","M","1º ANO","7","17","88","média","Alfabético","90","13","Acima do esperado"
"843","M","1º ANO","6","12","86","média","Pré-silábico","75","11","Acima do esperado"
"844","M","1º ANO","7","12","86","média","Alfabético","1","14","Déficit grave"
"845","M","1º ANO","7","7","67","muito baixa","Pré-silábico","40","7","Médio-inferior"
"846","M","1º ANO","7",\N,\N,\N,"Pré-silábico","95","15","Muito acima do esperado"
"10314","M","1º ANO","6","9","80","baixa",\N,\N,\N,\N
"10315","M","1º ANO","6","23","108","média",\N,\N,\N,\N
"10316","M","1º ANO","6","10","82","baixa",\N,\N,\N,\N
"10317","M","1º ANO","7","28","118","alta",\N,\N,\N,\N
"10318","F","1º ANO","7","8","78","baixa",\N,\N,\N,\N
"10320","F","1º ANO","6","9","80","baixa",\N,\N,\N,\N
"10321","M","1º ANO","7","30","122","alta","Pré-silábico","60","9","Médio-superior"
"10322","F","1º ANO","6","5","72","baixa",\N,\N,\N,\N
"10323","M","1º ANO","6","11","84","baixa",\N,\N,\N,\N
"10325","M","1º ANO","7","12","86","média",\N,\N,\N,\N
"10326","M","1º ANO","6","5","72","baixa",\N,\N,\N,\N
"10327","F","1º ANO","7","17","96","média",\N,\N,\N,\N
"10329","F","1º ANO","7","9","80","baixa","Pré-silábico",\N,\N,\N
"10337","F","1º ANO","7",\N,\N,\N,"Silábico","50","8","Médio"
"10338","F","1º ANO","6",\N,\N,\N,\N,"50","8","Médio"
"10339","M","1º ANO","7","7","67","muito baixa",\N,\N,\N,\N
